year,value,units,accommodation_type,occupancy_type,weekday_weekend,size_of_accommodation,location,is_accessible,is_urban
2012,52.32,Percentage,Guest House/B&B , Room Occupancy,All,All,Accessible Small Towns,True,False
2015,49.18,Percentage,Guest House/B&B , Room Occupancy,All,All,Large Urban Areas,True,True
2018,63.57,Percentage,Guest House/B&B , Room Occupancy,All,All,Large Urban Areas,True,True
2013,53.35,Percentage,Guest House/B&B , Room Occupancy,All,All,Accessible Rural,True,False
2018,40.45,Percentage,Guest House/B&B , Room Occupancy,All,All,Accessible Rural,True,False
2019,43.93,Percentage,Guest House/B&B , Room Occupancy,All,All,Accessible Small Towns,True,False
2016,38.76,Percentage,Guest House/B&B , Room Occupancy,All,Rooms: 01-03,All,False,False
2017,60.24,Percentage,Guest House/B&B , Room Occupancy,All,All,Other Urban Areas,True,True
2016,45.44,Percentage,Guest House/B&B , Room Occupancy,All,All,Other Urban Areas,True,True
2015,46.54,Percentage,Guest House/B&B , Room Occupancy,All,All,Remote Rural,False,False
2016,46.89,Percentage,Guest House/B&B , Room Occupancy,All,All,Accessible Small Towns,True,False
2017,56.39,Percentage,Guest House/B&B , Room Occupancy,All,All,Accessible Small Towns,True,False
2014,57.59,Percentage,Guest House/B&B , Room Occupancy,All,All,Accessible Rural,True,False
2011,52.08,Percentage,Guest House/B&B , Room Occupancy,All,All,Accessible Rural,True,False
2015,59.8,Percentage,Guest House/B&B , Room Occupancy,All,All,Other Urban Areas,True,True
2018,42.26,Percentage,Guest House/B&B , Room Occupancy,All,Rooms: 01-03,All,False,False
2015,49.82,Percentage,Guest House/B&B , Room Occupancy,All,Rooms: 11-25,All,False,False
2011,49.63,Percentage,Guest House/B&B , Room Occupancy,All,All,Remote Small Towns,False,False
2013,55.21,Percentage,Guest House/B&B , Room Occupancy,All,All,Accessible Small Towns,True,False
2015,47.66,Percentage,Guest House/B&B , Room Occupancy,All,All,Accessible Rural,True,False
2013,40.28,Percentage,Guest House/B&B , Room Occupancy,All,Rooms: 01-03,All,False,False
2012,49.18,Percentage,Guest House/B&B , Room Occupancy,All,All,Accessible Rural,True,False
2017,50.28,Percentage,Guest House/B&B , Room Occupancy,All,All,All,False,False
2016,41.52,Percentage,Self Catering , Unit Occupancy,All,All,Remote Small Towns,False,False
2016,48.02,Percentage,Self Catering , Unit Occupancy,All,All,Accessible Small Towns,True,False
2013,62.49,Percentage,Self Catering , Unit Occupancy,All,All,Large Urban Areas,True,True
2011,43.71,Percentage,Self Catering , Unit Occupancy,All,All,Other Urban Areas,True,True
2014,48.47,Percentage,Self Catering , Unit Occupancy,All,All,Other Urban Areas,True,True
2018,54.93,Percentage,Self Catering , Unit Occupancy,All,All,All,False,False
2018,43.06,Percentage,Self Catering , Unit Occupancy,All,All,Large Urban Areas,True,True
2012,31.04,Percentage,Self Catering , Unit Occupancy,All,All,Remote Small Towns,False,False
2016,55.97,Percentage,Hotels , Bed Occupancy,All,Rooms: greater than 100,All,False,False
2012,43.89,Percentage,Self Catering , Unit Occupancy,All,All,Other Urban Areas,True,True
2017,51.67,Percentage,Self Catering , Unit Occupancy,All,All,All,False,False
2012,41.85,Percentage,Self Catering , Unit Occupancy,All,All,Accessible Small Towns,True,False
2013,47.3,Percentage,Self Catering , Unit Occupancy,All,All,Other Urban Areas,True,True
2017,39.74,Percentage,Self Catering , Unit Occupancy,All,All,Accessible Small Towns,True,False
2018,58.62,Percentage,Self Catering , Unit Occupancy,All,All,Other Urban Areas,True,True
2018,46.67,Percentage,Guest House/B&B , Room Occupancy,All,All,Remote Rural,False,False
2019,34.58,Percentage,Self Catering , Unit Occupancy,All,All,Large Urban Areas,True,True
2011,59.74,Percentage,Self Catering , Unit Occupancy,All,All,Large Urban Areas,True,True
2019,47.61,Percentage,Self Catering , Unit Occupancy,All,All,All,False,False
2011,30.85,Percentage,Self Catering , Unit Occupancy,All,All,Accessible Small Towns,True,False
2016,66.24,Percentage,Self Catering , Unit Occupancy,All,All,Large Urban Areas,True,True
2019,50.65,Percentage,Self Catering , Unit Occupancy,All,All,Other Urban Areas,True,True
2013,44.32,Percentage,Guest House/B&B , Room Occupancy,All,All,Remote Rural,False,False
2019,50.04,Percentage,Guest House/B&B , Room Occupancy,All,All,All,False,False
2016,43.75,Percentage,Guest House/B&B , Room Occupancy,All,Rooms: 04-10,All,False,False
2016,41.76,Percentage,Guest House/B&B , Room Occupancy,All,All,All,False,False
2019,54.37,Percentage,Guest House/B&B , Room Occupancy,All,Rooms: 04-10,All,False,False
2011,44.58,Percentage,Guest House/B&B , Room Occupancy,All,All,Large Urban Areas,True,True
2016,39.89,Percentage,Guest House/B&B , Room Occupancy,All,All,Remote Rural,False,False
2011,44.08,Percentage,Guest House/B&B , Room Occupancy,All,All,All,False,False
2018,51.09,Percentage,Guest House/B&B , Room Occupancy,All,Rooms: 04-10,All,False,False
2011,50.13,Percentage,Guest House/B&B , Room Occupancy,All,Rooms: 04-10,All,False,False
2012,39.07,Percentage,Guest House/B&B , Room Occupancy,All,Rooms: 01-03,All,False,False
2017,44.86,Percentage,Guest House/B&B , Room Occupancy,All,Rooms: 11-25,All,False,False
2016,37.44,Percentage,Guest House/B&B , Room Occupancy,All,All,Accessible Rural,True,False
2018,80.22,Percentage,Guest House/B&B , Room Occupancy,All,Rooms: 11-25,All,False,False
2015,40.26,Percentage,Guest House/B&B , Room Occupancy,All,Rooms: 01-03,All,False,False
2019,26.24,Percentage,Guest House/B&B , Room Occupancy,All,All,Accessible Rural,True,False
2017,46.19,Percentage,Guest House/B&B , Room Occupancy,All,Rooms: 01-03,All,False,False
2016,53.85,Percentage,Guest House/B&B , Room Occupancy,All,All,Large Urban Areas,True,True
2012,44.1,Percentage,Guest House/B&B , Room Occupancy,All,All,All,False,False
2012,43.36,Percentage,Guest House/B&B , Room Occupancy,All,All,Large Urban Areas,True,True
2018,50.3,Percentage,Guest House/B&B , Room Occupancy,All,All,All,False,False
2015,48.52,Percentage,Guest House/B&B , Room Occupancy,All,Rooms: 04-10,All,False,False
2014,55.8,Percentage,Guest House/B&B , Room Occupancy,All,All,Other Urban Areas,True,True
2014,47.16,Percentage,Guest House/B&B , Room Occupancy,All,All,Large Urban Areas,True,True
2014,46.21,Percentage,Guest House/B&B , Room Occupancy,All,All,All,False,False
2016,52.16,Percentage,Guest House/B&B , Room Occupancy,All,All,Remote Small Towns,False,False
2013,51.56,Percentage,Guest House/B&B , Room Occupancy,All,All,Other Urban Areas,True,True
2017,56.97,Percentage,Guest House/B&B , Room Occupancy,All,All,Large Urban Areas,True,True
2014,45.05,Percentage,Guest House/B&B , Room Occupancy,All,All,Remote Rural,False,False
2014,39.77,Percentage,Guest House/B&B , Room Occupancy,All,Rooms: 01-03,All,False,False
2012,42.49,Percentage,Guest House/B&B , Room Occupancy,All,All,Remote Small Towns,False,False
2015,44.88,Percentage,Guest House/B&B , Room Occupancy,All,All,Remote Small Towns,False,False
2012,57.4,Percentage,Guest House/B&B , Room Occupancy,All,All,Other Urban Areas,True,True
2015,52.6,Percentage,Guest House/B&B , Room Occupancy,All,All,Accessible Small Towns,True,False
2015,45.41,Percentage,Guest House/B&B , Room Occupancy,All,All,All,False,False
2019,63.22,Percentage,Guest House/B&B , Room Occupancy,All,All,Other Urban Areas,True,True
2013,48.45,Percentage,Guest House/B&B , Room Occupancy,All,Rooms: 04-10,All,False,False
2017,43.93,Percentage,Guest House/B&B , Room Occupancy,All,All,Remote Rural,False,False
2018,58.67,Percentage,Guest House/B&B , Room Occupancy,All,All,Other Urban Areas,True,True
2019,87.93,Percentage,Guest House/B&B , Room Occupancy,All,Rooms: 11-25,All,False,False
2016,38.78,Percentage,Guest House/B&B , Room Occupancy,All,Rooms: 11-25,All,False,False
2018,49.62,Percentage,Guest House/B&B , Room Occupancy,All,All,Accessible Small Towns,True,False
2012,54.86,Percentage,Guest House/B&B , Room Occupancy,All,Rooms: 11-25,All,False,False
2017,46.15,Percentage,Guest House/B&B , Room Occupancy,All,All,Remote Small Towns,False,False
2015,48.29,Percentage,Self Catering , Unit Occupancy,All,All,All,False,False
2013,53.92,Percentage,Self Catering , Unit Occupancy,All,All,Accessible Rural,True,False
2016,48.37,Percentage,Self Catering , Unit Occupancy,All,All,All,False,False
2019,26.6,Percentage,Self Catering , Unit Occupancy,All,All,Accessible Rural,True,False
2017,66.13,Percentage,Self Catering , Unit Occupancy,All,All,Large Urban Areas,True,True
2017,51.02,Percentage,Self Catering , Unit Occupancy,All,All,Remote Rural,False,False
2012,31.4,Percentage,Hostels , Bed Occupancy,All,All,Remote Small Towns,False,False
2015,42.32,Percentage,Guest House/B&B , Bed Occupancy,All,All,Accessible Small Towns,True,False
2015,42.06,Percentage,Guest House/B&B , Bed Occupancy,All,Rooms: 04-10,All,False,False
2012,40.62,Percentage,Guest House/B&B , Bed Occupancy,All,All,Accessible Small Towns,True,False
2011,39.53,Percentage,Guest House/B&B , Bed Occupancy,All,All,Accessible Small Towns,True,False
2019,21.22,Percentage,Guest House/B&B , Bed Occupancy,All,All,Accessible Rural,True,False
2019,42.18,Percentage,Self Catering , Unit Occupancy,All,All,Accessible Small Towns,True,False
2019,44.28,Percentage,Self Catering , Unit Occupancy,All,All,Remote Small Towns,False,False
2018,50.61,Percentage,Self Catering , Unit Occupancy,All,All,Accessible Small Towns,True,False
2011,37.79,Percentage,Self Catering , Unit Occupancy,All,All,Remote Small Towns,False,False
2013,41.95,Percentage,Self Catering , Unit Occupancy,All,All,Remote Rural,False,False
2016,44.52,Percentage,Self Catering , Unit Occupancy,All,All,Other Urban Areas,True,True
2016,58.52,Percentage,Self Catering , Unit Occupancy,All,All,Accessible Rural,True,False
2011,56.28,Percentage,Self Catering , Unit Occupancy,All,All,Accessible Rural,True,False
2011,42.42,Percentage,Self Catering , Unit Occupancy,All,All,All,False,False
2014,44.2,Percentage,Self Catering , Unit Occupancy,All,All,Remote Rural,False,False
2016,45.62,Percentage,Self Catering , Unit Occupancy,All,All,Remote Rural,False,False
2013,39.17,Percentage,Guest House/B&B , Bed Occupancy,All,All,Large Urban Areas,True,True
2012,39.83,Percentage,Guest House/B&B , Bed Occupancy,All,Rooms: 04-10,All,False,False
2018,54.93,Percentage,Hostels , Bed Occupancy,All,All,Large Urban Areas,True,True
2013,42.54,Percentage,Guest House/B&B , Bed Occupancy,All,Rooms: 04-10,All,False,False
2017,50.57,Percentage,Guest House/B&B , Bed Occupancy,All,All,Large Urban Areas,True,True
2016,39.14,Percentage,Guest House/B&B , Bed Occupancy,All,Rooms: 04-10,All,False,False
2014,39.41,Percentage,Guest House/B&B , Bed Occupancy,All,All,Large Urban Areas,True,True
2019,65.28,Percentage,Guest House/B&B , Bed Occupancy,All,All,Large Urban Areas,True,True
2015,40.1,Percentage,Guest House/B&B , Bed Occupancy,All,All,Large Urban Areas,True,True
2016,44.25,Percentage,Guest House/B&B , Bed Occupancy,All,All,Large Urban Areas,True,True
2011,40.37,Percentage,Guest House/B&B , Bed Occupancy,All,All,Remote Rural,False,False
2018,55.31,Percentage,Hostels , Bed Occupancy,All,All,All,False,False
2013,44.91,Percentage,Guest House/B&B , Bed Occupancy,All,All,Accessible Small Towns,True,False
2016,36.84,Percentage,Guest House/B&B , Bed Occupancy,All,All,Accessible Rural,True,False
2017,46.96,Percentage,Guest House/B&B , Bed Occupancy,All,Rooms: 04-10,All,False,False
2014,42.21,Percentage,Guest House/B&B , Bed Occupancy,All,All,Accessible Small Towns,True,False
2011,21.66,Percentage,Hostels , Bed Occupancy,All,All,Remote Small Towns,False,False
2018,35.28,Percentage,Guest House/B&B , Bed Occupancy,All,Rooms: 01-03,All,False,False
2013,45.38,Percentage,Guest House/B&B , Bed Occupancy,All,All,Accessible Rural,True,False
2018,27.63,Percentage,Guest House/B&B , Bed Occupancy,All,All,Accessible Rural,True,False
2017,35.68,Percentage,Guest House/B&B , Bed Occupancy,All,All,Accessible Rural,True,False
2012,41.74,Percentage,Guest House/B&B , Bed Occupancy,All,All,Accessible Rural,True,False
2017,60.18,Percentage,Hotels , Bed Occupancy,All,Rooms: greater than 100,All,False,False
2012,63.51,Percentage,Self Catering , Unit Occupancy,All,All,Large Urban Areas,True,True
2014,45.31,Percentage,Self Catering , Unit Occupancy,All,All,Accessible Small Towns,True,False
2015,43.81,Percentage,Self Catering , Unit Occupancy,All,All,Other Urban Areas,True,True
2017,51.63,Percentage,Self Catering , Unit Occupancy,All,All,Other Urban Areas,True,True
2018,54.93,Percentage,Self Catering , Unit Occupancy,All,All,Remote Rural,False,False
2017,54.49,Percentage,Self Catering , Unit Occupancy,All,All,Accessible Rural,True,False
2015,56.53,Percentage,Self Catering , Unit Occupancy,All,All,Accessible Rural,True,False
2017,51.66,Percentage,Self Catering , Unit Occupancy,All,All,Remote Small Towns,False,False
2013,41.97,Percentage,Self Catering , Unit Occupancy,All,All,Accessible Small Towns,True,False
2014,31.97,Percentage,Self Catering , Unit Occupancy,All,All,Remote Small Towns,False,False
2018,59.26,Percentage,Hotels , Bed Occupancy,All,Rooms: greater than 100,All,False,False
2011,53.34,Percentage,Hotels , Bed Occupancy,All,Rooms: greater than 100,All,False,False
2014,51.89,Percentage,Hotels , Bed Occupancy,All,All,Accessible Rural,True,False
2013,54.55,Percentage,Hotels , Bed Occupancy,All,Rooms: greater than 100,All,False,False
2011,46.54,Percentage,Hotels , Bed Occupancy,All,All,Accessible Rural,True,False
2015,55.39,Percentage,Hotels , Bed Occupancy,All,Rooms: greater than 100,All,False,False
2011,42.37,Percentage,Self Catering , Unit Occupancy,All,All,Remote Rural,False,False
2016,48.57,Percentage,Hotels , Bed Occupancy,All,All,Accessible Rural,True,False
2015,41.81,Percentage,Self Catering , Unit Occupancy,All,All,Remote Small Towns,False,False
2018,54.6,Percentage,Hotels , Bed Occupancy,All,All,All,False,False
2012,45.67,Percentage,Hotels , Bed Occupancy,All,All,Accessible Rural,True,False
2013,49.94,Percentage,Guest House/B&B , Room Occupancy,All,All,Remote Small Towns,False,False
2014,53.54,Percentage,Self Catering , Unit Occupancy,All,All,Accessible Rural,True,False
2019,70.86,Percentage,Guest House/B&B , Room Occupancy,All,All,Large Urban Areas,True,True
2011,59.68,Percentage,Guest House/B&B , Room Occupancy,All,All,Other Urban Areas,True,True
2019,54.65,Percentage,Guest House/B&B , Room Occupancy,All,All,Remote Small Towns,False,False
2018,47.67,Percentage,Self Catering , Unit Occupancy,All,All,Remote Small Towns,False,False
2018,64.79,Percentage,Self Catering , Unit Occupancy,All,All,Accessible Rural,True,False
2015,45.32,Percentage,Self Catering , Unit Occupancy,All,All,Remote Rural,False,False
2013,44.18,Percentage,Self Catering , Unit Occupancy,All,All,All,False,False
2013,47.21,Percentage,Guest House/B&B , Room Occupancy,All,All,Large Urban Areas,True,True
2015,68.03,Percentage,Self Catering , Unit Occupancy,All,All,Large Urban Areas,True,True
2019,47.72,Percentage,Self Catering , Unit Occupancy,All,All,Remote Rural,False,False
2012,43.56,Percentage,Self Catering , Unit Occupancy,All,All,All,False,False
2012,42.07,Percentage,Self Catering , Unit Occupancy,All,All,Remote Rural,False,False
2014,45.88,Percentage,Self Catering , Unit Occupancy,All,All,All,False,False
2015,45.84,Percentage,Self Catering , Unit Occupancy,All,All,Accessible Small Towns,True,False
2013,34.84,Percentage,Self Catering , Unit Occupancy,All,All,Remote Small Towns,False,False
2017,52.29,Percentage,Guest House/B&B , Room Occupancy,All,Rooms: 04-10,All,False,False
2014,50.87,Percentage,Guest House/B&B , Room Occupancy,All,Rooms: 04-10,All,False,False
2012,47.91,Percentage,Guest House/B&B , Room Occupancy,All,Rooms: 04-10,All,False,False
2014,65.48,Percentage,Self Catering , Unit Occupancy,All,All,Large Urban Areas,True,True
2012,59.18,Percentage,Self Catering , Unit Occupancy,All,All,Accessible Rural,True,False
2014,20.95,Percentage,Hotels , Bed Occupancy,All,Rooms: 01-03,All,False,False
2016,22.45,Percentage,Hotels , Bed Occupancy,All,Rooms: 01-03,All,False,False
2016,52.41,Percentage,Hotels , Bed Occupancy,All,All,Remote Small Towns,False,False
2018,0.0,Percentage,Hotels , Bed Occupancy,All,Rooms: 01-03,All,False,False
2015,47.48,Percentage,Hotels , Bed Occupancy,All,All,Accessible Small Towns,True,False
2019,45.18,Percentage,Hotels , Bed Occupancy,All,All,Remote Small Towns,False,False
2012,45.43,Percentage,Hotels , Bed Occupancy,All,Rooms: 11-25,All,False,False
2012,33.81,Percentage,Hotels , Bed Occupancy,All,Rooms: 04-10,All,False,False
2013,56.24,Percentage,Hotels , Bed Occupancy,All,All,Large Urban Areas,True,True
2016,50.92,Percentage,Hotels , Bed Occupancy,All,Rooms: 11-25,All,False,False
2013,48.64,Percentage,Hotels , Bed Occupancy,All,Rooms: 11-25,All,False,False
2015,49.57,Percentage,Hotels , Bed Occupancy,All,Rooms: 11-25,All,False,False
2012,17.0,Percentage,Hotels , Bed Occupancy,All,Rooms: 01-03,All,False,False
2013,18.48,Percentage,Hotels , Bed Occupancy,All,Rooms: 01-03,All,False,False
2018,62.0,Percentage,Hotels , Bed Occupancy,All,All,Accessible Small Towns,True,False
2017,61.53,Percentage,Hotels , Bed Occupancy,All,All,Other Urban Areas,True,True
2018,56.76,Percentage,Hotels , Bed Occupancy,All,All,Other Urban Areas,True,True
2015,47.81,Percentage,Hotels , Bed Occupancy,All,All,Remote Small Towns,False,False
2017,57.76,Percentage,Hotels , Bed Occupancy,All,All,Accessible Rural,True,False
2014,47.36,Percentage,Hotels , Bed Occupancy,All,All,Remote Small Towns,False,False
2013,48.17,Percentage,Hotels , Bed Occupancy,All,All,Remote Small Towns,False,False
2019,3.83,Percentage,Hotels , Bed Occupancy,All,Rooms: 01-03,All,False,False
2016,50.66,Percentage,Hotels , Bed Occupancy,All,All,Accessible Small Towns,True,False
2014,35.74,Percentage,Caravan & Camping Parks , Pitch Occupancy,All,All,Accessible Rural,True,False
2013,51.46,Percentage,Hotels , Bed Occupancy,All,All,All,False,False
2012,38.98,Percentage,Caravan & Camping Parks , Pitch Occupancy,All,All,Accessible Rural,True,False
2015,18.87,Percentage,Hotels , Bed Occupancy,All,Rooms: 01-03,All,False,False
2011,18.78,Percentage,Hotels , Bed Occupancy,All,Rooms: 01-03,All,False,False
2017,51.42,Percentage,Hotels , Bed Occupancy,All,All,Remote Small Towns,False,False
2019,33.99,Percentage,Caravan & Camping Parks , Pitch Occupancy,All,All,Accessible Rural,True,False
2017,54.37,Percentage,Caravan & Camping Parks , Pitch Occupancy,All,All,Remote Small Towns,False,False
2011,39.96,Percentage,Caravan & Camping Parks , Pitch Occupancy,All,All,Remote Rural,False,False
2018,32.76,Percentage,Caravan & Camping Parks , Pitch Occupancy,All,All,Remote Small Towns,False,False
2015,30.98,Percentage,Caravan & Camping Parks , Pitch Occupancy,All,All,Accessible Small Towns,True,False
2017,57.3,Percentage,Hotels , Bed Occupancy,All,All,All,False,False
2011,49.56,Percentage,Hotels , Bed Occupancy,All,All,Other Urban Areas,True,True
2017,0.0,Percentage,Hotels , Bed Occupancy,All,Rooms: 01-03,All,False,False
2013,51.83,Percentage,Hotels , Bed Occupancy,All,All,Other Urban Areas,True,True
2012,49.74,Percentage,Hotels , Bed Occupancy,All,All,Other Urban Areas,True,True
2014,52.7,Percentage,Hotels , Bed Occupancy,All,All,Other Urban Areas,True,True
2011,49.23,Percentage,Hotels , Bed Occupancy,All,All,All,False,False
2019,51.61,Percentage,Hotels , Bed Occupancy,All,All,Accessible Rural,True,False
2019,33.58,Percentage,Hotels , Bed Occupancy,All,Rooms: 04-10,All,False,False
2018,46.37,Percentage,Hotels , Bed Occupancy,All,All,Remote Small Towns,False,False
2013,45.03,Percentage,Hotels , Bed Occupancy,All,All,Accessible Rural,True,False
2013,42.94,Percentage,Hotels , Bed Occupancy,All,Rooms: 04-10,All,False,False
2019,52.94,Percentage,Hotels , Bed Occupancy,All,All,All,False,False
2014,56.08,Percentage,Hotels , Bed Occupancy,All,All,Large Urban Areas,True,True
2011,43.32,Percentage,Hotels , Bed Occupancy,All,Rooms: 11-25,All,False,False
2016,51.84,Percentage,Hotels , Bed Occupancy,All,All,Remote Rural,False,False
2014,49.89,Percentage,Hotels , Bed Occupancy,All,Rooms: 11-25,All,False,False
2014,49.82,Percentage,Hotels , Bed Occupancy,All,Rooms: 26-50,All,False,False
2017,47.12,Percentage,Hotels , Bed Occupancy,All,All,Remote Rural,False,False
2016,49.16,Percentage,Hotels , Bed Occupancy,All,Rooms: 04-10,All,False,False
2013,51.1,Percentage,Hotels , Bed Occupancy,All,All,Remote Rural,False,False
2012,48.66,Percentage,Hotels , Bed Occupancy,All,All,All,False,False
2017,52.89,Percentage,Hotels , Bed Occupancy,All,Rooms: 11-25,All,False,False
2017,63.95,Percentage,Hotels , Bed Occupancy,All,Rooms: 51-100,All,False,False
2013,55.43,Percentage,Hotels , Bed Occupancy,All,Rooms: 51-100,All,False,False
2014,52.4,Percentage,Hotels , Bed Occupancy,All,All,All,False,False
2011,46.42,Percentage,Hotels , Bed Occupancy,All,All,Remote Small Towns,False,False
2014,50.13,Percentage,Hotels , Bed Occupancy,All,All,Remote Rural,False,False
2017,37.37,Percentage,Hotels , Bed Occupancy,All,Rooms: 04-10,All,False,False
2012,52.77,Percentage,Hotels , Bed Occupancy,All,Rooms: 51-100,All,False,False
2018,47.95,Percentage,Hotels , Bed Occupancy,All,Rooms: 11-25,All,False,False
2019,60.24,Percentage,Hotels , Bed Occupancy,All,Rooms: 51-100,All,False,False
2018,60.5,Percentage,Hotels , Bed Occupancy,All,Rooms: 51-100,All,False,False
2014,55.57,Percentage,Hotels , Bed Occupancy,All,Rooms: 51-100,All,False,False
2019,57.15,Percentage,Hotels , Bed Occupancy,All,All,Large Urban Areas,True,True
2015,51.26,Percentage,Hotels , Bed Occupancy,All,All,Other Urban Areas,True,True
2011,54.58,Percentage,Hotels , Bed Occupancy,All,Rooms: 51-100,All,False,False
2016,58.28,Percentage,Hotels , Bed Occupancy,All,Rooms: 51-100,All,False,False
2018,35.28,Percentage,Hotels , Bed Occupancy,All,Rooms: 04-10,All,False,False
2019,56.75,Percentage,Hotels , Bed Occupancy,All,All,Accessible Small Towns,True,False
2012,44.4,Percentage,Hotels , Bed Occupancy,All,All,Remote Small Towns,False,False
2012,45.78,Percentage,Hotels , Bed Occupancy,All,All,Accessible Small Towns,True,False
2019,56.81,Percentage,Hotels , Bed Occupancy,All,All,Other Urban Areas,True,True
2019,45.83,Percentage,Hotels , Bed Occupancy,All,All,Remote Rural,False,False
2011,53.19,Percentage,Hotels , Bed Occupancy,All,All,Large Urban Areas,True,True
2012,53.41,Percentage,Hotels , Bed Occupancy,All,All,Large Urban Areas,True,True
2013,48.9,Percentage,Hotels , Bed Occupancy,All,Rooms: 26-50,All,False,False
2018,54.06,Percentage,Hotels , Bed Occupancy,All,All,Accessible Rural,True,False
2016,55.78,Percentage,Hotels , Bed Occupancy,All,All,Other Urban Areas,True,True
2014,44.22,Percentage,Hotels , Bed Occupancy,All,Rooms: 04-10,All,False,False
2017,61.32,Percentage,Hotels , Bed Occupancy,All,All,Large Urban Areas,True,True
2015,53.38,Percentage,Hotels , Bed Occupancy,All,Rooms: 51-100,All,False,False
2015,55.77,Percentage,Hotels , Bed Occupancy,All,All,Large Urban Areas,True,True
2011,47.39,Percentage,Hotels , Bed Occupancy,All,Rooms: 26-50,All,False,False
2018,60.71,Percentage,Hotels , Bed Occupancy,All,Rooms: 26-50,All,False,False
2019,41.22,Percentage,Caravan & Camping Parks , Pitch Occupancy,All,All,All,False,False
2012,39.7,Percentage,Caravan & Camping Parks , Pitch Occupancy,All,All,Remote Small Towns,False,False
2018,38.4,Percentage,Caravan & Camping Parks , Pitch Occupancy,All,All,Large Urban Areas,True,True
2018,33.59,Percentage,Caravan & Camping Parks , Pitch Occupancy,All,All,All,False,False
2012,0.0,Percentage,Caravan & Camping Parks , Pitch Occupancy,All,All,Large Urban Areas,True,True
2012,40.02,Percentage,Caravan & Camping Parks , Pitch Occupancy,All,All,All,False,False
2011,42.1,Percentage,Caravan & Camping Parks , Pitch Occupancy,All,All,Remote Small Towns,False,False
2019,57.6,Percentage,Hotels , Bed Occupancy,All,Rooms: 26-50,All,False,False
2015,48.98,Percentage,Hotels , Bed Occupancy,All,Rooms: 04-10,All,False,False
2013,42.84,Percentage,Caravan & Camping Parks , Pitch Occupancy,All,All,Other Urban Areas,True,True
2019,34.3,Percentage,Caravan & Camping Parks , Pitch Occupancy,All,All,Large Urban Areas,True,True
2014,49.13,Percentage,Caravan & Camping Parks , Pitch Occupancy,All,All,Large Urban Areas,True,True
2015,49.36,Percentage,Hotels , Bed Occupancy,All,All,Accessible Rural,True,False
2014,55.85,Percentage,Hotels , Bed Occupancy,All,Rooms: greater than 100,All,False,False
2018,59.02,Percentage,Hotels , Bed Occupancy,All,All,Large Urban Areas,True,True
2014,53.15,Percentage,Hotels , Bed Occupancy,All,All,Accessible Small Towns,True,False
2011,45.01,Percentage,Hotels , Bed Occupancy,All,All,Accessible Small Towns,True,False
2017,63.5,Percentage,Hotels , Bed Occupancy,All,Rooms: 26-50,All,False,False
2016,56.78,Percentage,Hotels , Bed Occupancy,All,All,Large Urban Areas,True,True
2016,54.02,Percentage,Hotels , Bed Occupancy,All,All,All,False,False
2015,41.89,Percentage,Caravan & Camping Parks , Pitch Occupancy,All,All,Remote Rural,False,False
2017,65.79,Percentage,Hotels , Bed Occupancy,All,All,Accessible Small Towns,True,False
2013,46.84,Percentage,Hotels , Bed Occupancy,All,All,Accessible Small Towns,True,False
2011,44.16,Percentage,Guest House/B&B , Room Occupancy,All,All,Remote Rural,False,False
2011,36.11,Percentage,Guest House/B&B , Room Occupancy,All,Rooms: 01-03,All,False,False
2019,34.21,Percentage,Guest House/B&B , Room Occupancy,All,Rooms: 01-03,All,False,False
2013,55.97,Percentage,Guest House/B&B , Room Occupancy,All,Rooms: 11-25,All,False,False
2014,50.96,Percentage,Guest House/B&B , Room Occupancy,All,Rooms: 11-25,All,False,False
2019,36.07,Percentage,Guest House/B&B , Room Occupancy,All,All,Remote Rural,False,False
2011,49.27,Percentage,Guest House/B&B , Room Occupancy,All,All,Accessible Small Towns,True,False
2014,53.11,Percentage,Guest House/B&B , Room Occupancy,All,All,Accessible Small Towns,True,False
2017,44.71,Percentage,Guest House/B&B , Room Occupancy,All,All,Accessible Rural,True,False
2012,43.18,Percentage,Guest House/B&B , Room Occupancy,All,All,Remote Rural,False,False
2013,45.01,Percentage,Guest House/B&B , Room Occupancy,All,All,All,False,False
2013,43.96,Percentage,Caravan & Camping Parks , Pitch Occupancy,All,All,Remote Small Towns,False,False
2014,42.6,Percentage,Caravan & Camping Parks , Pitch Occupancy,All,All,Remote Rural,False,False
2019,42.08,Percentage,Caravan & Camping Parks , Pitch Occupancy,All,All,Other Urban Areas,True,True
2015,52.09,Percentage,Hotels , Bed Occupancy,All,All,All,False,False
2012,49.08,Percentage,Hotels , Bed Occupancy,All,All,Remote Rural,False,False
2017,36.21,Percentage,Caravan & Camping Parks , Pitch Occupancy,All,All,Large Urban Areas,True,True
2011,63.98,Percentage,Guest House/B&B , Room Occupancy,All,Rooms: 11-25,All,False,False
2014,43.72,Percentage,Guest House/B&B , Room Occupancy,All,All,Remote Small Towns,False,False
2018,40.34,Percentage,Guest House/B&B , Room Occupancy,All,All,Remote Small Towns,False,False
2011,43.0,Percentage,Caravan & Camping Parks , Pitch Occupancy,All,All,All,False,False
2014,44.74,Percentage,Caravan & Camping Parks , Pitch Occupancy,All,All,Other Urban Areas,True,True
2017,24.2,Percentage,Caravan & Camping Parks , Pitch Occupancy,All,All,Accessible Small Towns,True,False
2016,53.44,Percentage,Caravan & Camping Parks , Pitch Occupancy,All,All,Remote Small Towns,False,False
2012,24.77,Percentage,Caravan & Camping Parks , Pitch Occupancy,All,All,Accessible Small Towns,True,False
2017,37.83,Percentage,Caravan & Camping Parks , Pitch Occupancy,All,All,Other Urban Areas,True,True
2017,31.96,Percentage,Caravan & Camping Parks , Pitch Occupancy,All,All,Accessible Rural,True,False
2013,26.46,Percentage,Caravan & Camping Parks , Pitch Occupancy,All,All,Accessible Small Towns,True,False
2018,44.42,Percentage,Caravan & Camping Parks , Pitch Occupancy,All,All,Other Urban Areas,True,True
2012,41.47,Percentage,Caravan & Camping Parks , Pitch Occupancy,All,All,Other Urban Areas,True,True
2013,42.04,Percentage,Caravan & Camping Parks , Pitch Occupancy,All,All,All,False,False
2013,50.17,Percentage,Caravan & Camping Parks , Pitch Occupancy,All,All,Large Urban Areas,True,True
2015,49.55,Percentage,Caravan & Camping Parks , Pitch Occupancy,All,All,Remote Small Towns,False,False
2016,45.46,Percentage,Caravan & Camping Parks , Pitch Occupancy,All,All,Remote Rural,False,False
2018,37.66,Percentage,Caravan & Camping Parks , Pitch Occupancy,All,All,Remote Rural,False,False
2015,57.27,Percentage,Caravan & Camping Parks , Pitch Occupancy,All,All,Large Urban Areas,True,True
2016,39.01,Percentage,Caravan & Camping Parks , Pitch Occupancy,All,All,Accessible Rural,True,False
2013,38.04,Percentage,Caravan & Camping Parks , Pitch Occupancy,All,All,Accessible Rural,True,False
2014,42.14,Percentage,Caravan & Camping Parks , Pitch Occupancy,All,All,All,False,False
2012,38.13,Percentage,Caravan & Camping Parks , Pitch Occupancy,All,All,Remote Rural,False,False
2015,41.9,Percentage,Caravan & Camping Parks , Pitch Occupancy,All,All,Other Urban Areas,True,True
2016,42.66,Percentage,Caravan & Camping Parks , Pitch Occupancy,All,All,All,False,False
2017,28.19,Percentage,Caravan & Camping Parks , Pitch Occupancy,All,All,Remote Rural,False,False
2019,47.1,Percentage,Caravan & Camping Parks , Pitch Occupancy,All,All,Remote Rural,False,False
2012,52.66,Percentage,Hotels , Bed Occupancy,All,Rooms: greater than 100,All,False,False
2012,47.69,Percentage,Hotels , Bed Occupancy,All,Rooms: 26-50,All,False,False
2019,55.5,Percentage,Hotels , Bed Occupancy,All,Rooms: greater than 100,All,False,False
2015,50.89,Percentage,Hotels , Bed Occupancy,All,All,Remote Rural,False,False
2014,29.0,Percentage,Caravan & Camping Parks , Pitch Occupancy,All,All,Accessible Small Towns,True,False
2011,40.5,Percentage,Hotels , Bed Occupancy,All,Rooms: 04-10,All,False,False
2015,50.42,Percentage,Hotels , Bed Occupancy,All,Rooms: 26-50,All,False,False
2016,52.02,Percentage,Hotels , Bed Occupancy,All,Rooms: 26-50,All,False,False
2019,47.25,Percentage,Hotels , Bed Occupancy,All,Rooms: 11-25,All,False,False
2011,49.58,Percentage,Hotels , Bed Occupancy,All,All,Remote Rural,False,False
2018,47.18,Percentage,Hotels , Bed Occupancy,All,All,Remote Rural,False,False
2011,36.69,Percentage,Caravan & Camping Parks , Pitch Occupancy,All,All,Accessible Rural,True,False
2013,39.75,Percentage,Caravan & Camping Parks , Pitch Occupancy,All,All,Remote Rural,False,False
2015,34.83,Percentage,Caravan & Camping Parks , Pitch Occupancy,All,All,Accessible Rural,True,False
2011,25.32,Percentage,Caravan & Camping Parks , Pitch Occupancy,All,All,Accessible Small Towns,True,False
2011,45.62,Percentage,Caravan & Camping Parks , Pitch Occupancy,All,All,Other Urban Areas,True,True
2018,27.9,Percentage,Caravan & Camping Parks , Pitch Occupancy,All,All,Accessible Rural,True,False
2016,29.78,Percentage,Caravan & Camping Parks , Pitch Occupancy,All,All,Accessible Small Towns,True,False
2016,58.9,Percentage,Caravan & Camping Parks , Pitch Occupancy,All,All,Large Urban Areas,True,True
2019,30.04,Percentage,Caravan & Camping Parks , Pitch Occupancy,All,All,Accessible Small Towns,True,False
2017,32.19,Percentage,Caravan & Camping Parks , Pitch Occupancy,All,All,All,False,False
2011,61.31,Percentage,Caravan & Camping Parks , Pitch Occupancy,All,All,Large Urban Areas,True,True
2018,53.78,Percentage,Hostels , Bed Occupancy,All,All,Accessible Small Towns,True,False
2013,34.06,Percentage,Hostels , Bed Occupancy,All,All,Remote Small Towns,False,False
2016,78.32,Percentage,Hotels , Room Occupancy,All,All,Large Urban Areas,True,True
2018,74.32,Percentage,Hotels , Room Occupancy,All,Rooms: greater than 100,All,False,False
2016,69.8,Percentage,Hotels , Room Occupancy,All,Rooms: 26-50,All,False,False
2015,51.36,Percentage,Hostels , Bed Occupancy,All,All,Accessible Small Towns,True,False
2011,65.06,Percentage,Hotels , Room Occupancy,All,All,All,False,False
2017,72.75,Percentage,Hotels , Room Occupancy,All,All,All,False,False
2014,70.65,Percentage,Hotels , Room Occupancy,All,All,Other Urban Areas,True,True
2014,64.47,Percentage,Hotels , Room Occupancy,All,All,Accessible Small Towns,True,False
2012,65.13,Percentage,Hotels , Room Occupancy,All,All,All,False,False
2017,68.32,Percentage,Hotels , Room Occupancy,All,All,Accessible Rural,True,False
2011,73.89,Percentage,Hotels , Room Occupancy,All,Rooms: greater than 100,All,False,False
2015,78.25,Percentage,Hotels , Room Occupancy,All,Rooms: greater than 100,All,False,False
2015,67.04,Percentage,Hotels , Room Occupancy,All,Rooms: 26-50,All,False,False
2012,73.69,Percentage,Hotels , Room Occupancy,All,Rooms: greater than 100,All,False,False
2019,68.74,Percentage,Hotels , Room Occupancy,All,All,Other Urban Areas,True,True
2017,79.22,Percentage,Hotels , Room Occupancy,All,Rooms: greater than 100,All,False,False
2013,64.72,Percentage,Hotels , Room Occupancy,All,Rooms: 26-50,All,False,False
2019,78.38,Percentage,Hotels , Room Occupancy,All,Rooms: 26-50,All,False,False
2019,74.36,Percentage,Hotels , Room Occupancy,All,Rooms: greater than 100,All,False,False
2018,48.69,Percentage,Hostels , Bed Occupancy,All,All,Remote Small Towns,False,False
2012,65.87,Percentage,Hotels , Room Occupancy,All,All,Other Urban Areas,True,True
2012,44.66,Percentage,Hostels , Bed Occupancy,Weekday,All,All,False,False
2014,45.45,Percentage,Guest House/B&B , Room Occupancy,Weekday,All,All,False,False
2014,57.32,Percentage,Hostels , Bed Occupancy,Weekday,All,All,False,False
2018,22.44,Percentage,Hostels , Bed Occupancy,Weekday,All,All,False,False
2011,43.54,Percentage,Guest House/B&B , Room Occupancy,Weekday,All,All,False,False
2012,44.51,Percentage,Guest House/B&B , Room Occupancy,Weekday,All,All,False,False
2018,51.0,Percentage,Hotels , Bed Occupancy,Weekday,All,All,False,False
2017,26.98,Percentage,Caravan & Camping Parks , Pitch Occupancy,Weekday,All,All,False,False
2011,46.24,Percentage,Hotels , Bed Occupancy,Weekday,All,All,False,False
2019,50.93,Percentage,Guest House/B&B , Room Occupancy,Weekday,All,All,False,False
2018,71.98,Percentage,Hotels , Room Occupancy,Weekday,All,All,False,False
2015,58.04,Percentage,Hostels , Bed Occupancy,Weekday,All,All,False,False
2015,46.48,Percentage,Guest House/B&B , Room Occupancy,Weekday,All,All,False,False
2011,42.53,Percentage,Hostels , Bed Occupancy,Weekday,All,All,False,False
2015,62.74,Percentage,Hotels , Room Occupancy,All,All,Accessible Rural,True,False
2017,56.39,Percentage,Hostels , Bed Occupancy,All,All,Remote Small Towns,False,False
2019,58.53,Percentage,Hotels , Room Occupancy,All,All,Remote Small Towns,False,False
2013,45.64,Percentage,Guest House/B&B , Room Occupancy,Weekday,All,All,False,False
2019,22.0,Percentage,Hostels , Bed Occupancy,Weekday,All,All,False,False
2013,56.4,Percentage,Hostels , Bed Occupancy,Weekday,All,All,False,False
2017,25.81,Percentage,Hostels , Bed Occupancy,Weekday,All,All,False,False
2016,69.43,Percentage,Hostels , Bed Occupancy,Weekday,All,All,False,False
2011,58.47,Percentage,Hotels , Room Occupancy,All,All,Remote Rural,False,False
2011,56.48,Percentage,Hotels , Room Occupancy,All,All,Remote Small Towns,False,False
2015,61.02,Percentage,Hotels , Room Occupancy,All,All,Remote Small Towns,False,False
2017,56.38,Percentage,Hostels , Bed Occupancy,All,All,Accessible Rural,True,False
2016,63.91,Percentage,Hotels , Room Occupancy,All,All,Remote Rural,False,False
2011,56.2,Percentage,Hotels , Room Occupancy,All,All,Accessible Small Towns,True,False
2015,51.44,Percentage,Hostels , Bed Occupancy,All,All,Accessible Rural,True,False
2019,81.98,Percentage,Hotels , Room Occupancy,All,All,Accessible Small Towns,True,False
2012,55.47,Percentage,Hotels , Room Occupancy,All,All,Remote Small Towns,False,False
2015,63.28,Percentage,Hotels , Room Occupancy,All,All,Accessible Small Towns,True,False
2011,74.05,Percentage,Hotels , Room Occupancy,All,All,Large Urban Areas,True,True
2015,62.81,Percentage,Hotels , Room Occupancy,All,All,Remote Rural,False,False
2018,75.68,Percentage,Hotels , Room Occupancy,All,Rooms: 26-50,All,False,False
2016,64.4,Percentage,Hotels , Room Occupancy,All,All,Accessible Small Towns,True,False
2014,66.07,Percentage,Hotels , Room Occupancy,All,Rooms: 26-50,All,False,False
2017,63.91,Percentage,Hotels , Room Occupancy,All,Rooms: 11-25,All,False,False
2012,62.11,Percentage,Hotels , Room Occupancy,All,Rooms: 26-50,All,False,False
2014,58.26,Percentage,Hotels , Room Occupancy,All,All,Remote Small Towns,False,False
2013,69.36,Percentage,Hotels , Room Occupancy,All,All,Other Urban Areas,True,True
2012,56.59,Percentage,Hotels , Room Occupancy,All,All,Accessible Small Towns,True,False
2012,35.58,Percentage,Hostels , Bed Occupancy,All,All,Accessible Rural,True,False
2013,57.85,Percentage,Hotels , Room Occupancy,All,All,Accessible Rural,True,False
2016,57.26,Percentage,Hostels , Bed Occupancy,All,All,Accessible Rural,True,False
2018,67.65,Percentage,Hotels , Room Occupancy,All,All,Accessible Rural,True,False
2013,59.23,Percentage,Hotels , Room Occupancy,All,All,Remote Small Towns,False,False
2013,68.3,Percentage,Hotels , Room Occupancy,All,All,All,False,False
2015,67.13,Percentage,Hotels , Room Occupancy,All,All,Other Urban Areas,True,True
2014,62.76,Percentage,Hotels , Room Occupancy,All,All,Accessible Rural,True,False
2016,76.57,Percentage,Hotels , Room Occupancy,All,Rooms: greater than 100,All,False,False
2011,61.13,Percentage,Hotels , Room Occupancy,All,Rooms: 26-50,All,False,False
2014,78.64,Percentage,Hotels , Room Occupancy,All,Rooms: greater than 100,All,False,False
2013,76.19,Percentage,Hotels , Room Occupancy,All,Rooms: greater than 100,All,False,False
2013,24.37,Percentage,Hotels , Room Occupancy,All,Rooms: 01-03,All,False,False
2015,79.92,Percentage,Hotels , Room Occupancy,All,All,Large Urban Areas,True,True
2017,80.0,Percentage,Hotels , Room Occupancy,All,All,Large Urban Areas,True,True
2017,64.58,Percentage,Hotels , Room Occupancy,All,All,Remote Small Towns,False,False
2012,33.44,Percentage,Hostels , Bed Occupancy,All,All,Accessible Small Towns,True,False
2011,35.18,Percentage,Hostels , Bed Occupancy,All,All,Accessible Rural,True,False
2015,70.09,Percentage,Hotels , Room Occupancy,All,All,All,False,False
2014,44.13,Percentage,Hostels , Bed Occupancy,All,All,Accessible Rural,True,False
2016,70.85,Percentage,Hotels , Room Occupancy,All,All,Other Urban Areas,True,True
2013,37.4,Percentage,Hostels , Bed Occupancy,All,All,Accessible Rural,True,False
2019,62.96,Percentage,Hostels , Bed Occupancy,All,All,Remote Rural,False,False
2019,75.57,Percentage,Hotels , Room Occupancy,All,All,Large Urban Areas,True,True
2012,39.57,Percentage,Guest House/B&B , Bed Occupancy,Weekend,All,All,False,False
2011,45.87,Percentage,Guest House/B&B , Room Occupancy,Weekend,All,All,False,False
2018,47.18,Percentage,Guest House/B&B , Bed Occupancy,Weekend,All,All,False,False
2016,76.6,Percentage,Hostels , Bed Occupancy,Weekend,All,All,False,False
2013,41.97,Percentage,Guest House/B&B , Bed Occupancy,Weekend,All,All,False,False
2019,37.09,Percentage,Hostels , Bed Occupancy,Weekend,All,All,False,False
2018,38.3,Percentage,Hostels , Bed Occupancy,Weekend,All,All,False,False
2014,42.16,Percentage,Guest House/B&B , Bed Occupancy,Weekend,All,All,False,False
2015,43.75,Percentage,Guest House/B&B , Bed Occupancy,Weekend,All,All,False,False
2017,50.56,Percentage,Guest House/B&B , Bed Occupancy,Weekend,All,All,False,False
2016,40.04,Percentage,Guest House/B&B , Bed Occupancy,Weekend,All,All,False,False
2011,54.17,Percentage,Hostels , Bed Occupancy,Weekend,All,All,False,False
2014,49.17,Percentage,Caravan & Camping Parks , Pitch Occupancy,Weekend,All,All,False,False
2016,46.78,Percentage,Caravan & Camping Parks , Pitch Occupancy,Weekend,All,All,False,False
2017,31.42,Percentage,Caravan & Camping Parks , Pitch Occupancy,Weekend,All,All,False,False
2017,44.86,Percentage,Hostels , Bed Occupancy,Weekend,All,All,False,False
2014,64.86,Percentage,Hostels , Bed Occupancy,Weekend,All,All,False,False
2019,38.77,Percentage,Caravan & Camping Parks , Pitch Occupancy,Weekend,All,All,False,False
2015,45.58,Percentage,Caravan & Camping Parks , Pitch Occupancy,Weekend,All,All,False,False
2018,69.36,Percentage,Hotels , Room Occupancy,Weekend,All,All,False,False
2013,47.1,Percentage,Caravan & Camping Parks , Pitch Occupancy,Weekend,All,All,False,False
2011,62.82,Percentage,Hotels , Room Occupancy,Weekend,All,All,False,False
2012,62.44,Percentage,Hotels , Room Occupancy,Weekend,All,All,False,False
2011,40.18,Percentage,Guest House/B&B , Bed Occupancy,Weekend,All,All,False,False
2018,56.22,Percentage,Hotels , Bed Occupancy,Weekend,All,All,False,False
2019,49.3,Percentage,Guest House/B&B , Bed Occupancy,Weekend,All,All,False,False
2015,50.81,Percentage,Guest House/B&B , Room Occupancy,Weekend,All,All,False,False
2015,67.12,Percentage,Hotels , Room Occupancy,Weekend,All,All,False,False
2016,57.31,Percentage,Hotels , Bed Occupancy,Weekend,All,All,False,False
2013,54.93,Percentage,Hotels , Bed Occupancy,Weekend,All,All,False,False
2011,52.97,Percentage,Hotels , Bed Occupancy,Weekend,All,All,False,False
2019,54.98,Percentage,Hotels , Bed Occupancy,Weekend,All,All,False,False
2013,46.82,Percentage,Guest House/B&B , Room Occupancy,Weekend,All,All,False,False
2017,60.14,Percentage,Hotels , Bed Occupancy,Weekend,All,All,False,False
2017,55.87,Percentage,Guest House/B&B , Room Occupancy,Weekend,All,All,False,False
2012,45.48,Percentage,Guest House/B&B , Room Occupancy,Weekend,All,All,False,False
2014,66.89,Percentage,Hotels , Room Occupancy,Weekend,All,All,False,False
2013,66.01,Percentage,Hostels , Bed Occupancy,Weekend,All,All,False,False
2015,65.03,Percentage,Hostels , Bed Occupancy,Weekend,All,All,False,False
2018,52.55,Percentage,Guest House/B&B , Room Occupancy,Weekend,All,All,False,False
2014,55.6,Percentage,Hotels , Bed Occupancy,Weekend,All,All,False,False
2019,56.02,Percentage,Guest House/B&B , Room Occupancy,Weekend,All,All,False,False
2013,65.27,Percentage,Hotels , Room Occupancy,Weekend,All,All,False,False
2019,70.24,Percentage,Hotels , Room Occupancy,Weekend,All,All,False,False
2015,54.63,Percentage,Hotels , Bed Occupancy,Weekend,All,All,False,False
2016,73.94,Percentage,Hotels , Room Occupancy,Weekday,All,All,False,False
2018,28.79,Percentage,Caravan & Camping Parks , Pitch Occupancy,Weekday,All,All,False,False
2012,46.03,Percentage,Hotels , Bed Occupancy,Weekday,All,All,False,False
2014,49.65,Percentage,Hotels , Bed Occupancy,Weekday,All,All,False,False
2016,51.72,Percentage,Hotels , Bed Occupancy,Weekday,All,All,False,False
2017,74.07,Percentage,Hotels , Room Occupancy,Weekday,All,All,False,False
2018,41.33,Percentage,Guest House/B&B , Bed Occupancy,Weekday,All,All,False,False
2019,72.51,Percentage,Hotels , Room Occupancy,Weekday,All,All,False,False
2019,41.32,Percentage,Guest House/B&B , Bed Occupancy,Weekday,All,All,False,False
2012,67.27,Percentage,Hotels , Room Occupancy,Weekday,All,All,False,False
2014,72.27,Percentage,Hotels , Room Occupancy,Weekday,All,All,False,False
2013,36.37,Percentage,Caravan & Camping Parks , Pitch Occupancy,Weekday,All,All,False,False
2017,41.29,Percentage,Guest House/B&B , Bed Occupancy,Weekday,All,All,False,False
2019,49.13,Percentage,Hotels , Bed Occupancy,Weekday,All,All,False,False
2017,53.96,Percentage,Hotels , Bed Occupancy,Weekday,All,All,False,False
2014,37.75,Percentage,Caravan & Camping Parks , Pitch Occupancy,Weekday,All,All,False,False
2011,35.32,Percentage,Guest House/B&B , Bed Occupancy,Weekday,All,All,False,False
2015,73.06,Percentage,Hotels , Room Occupancy,Weekday,All,All,False,False
2015,50.3,Percentage,Hotels , Bed Occupancy,Weekday,All,All,False,False
2013,70.82,Percentage,Hotels , Room Occupancy,Weekday,All,All,False,False
2012,37.88,Percentage,Caravan & Camping Parks , Pitch Occupancy,Weekday,All,All,False,False
2013,48.97,Percentage,Hotels , Bed Occupancy,Weekday,All,All,False,False
2018,36.59,Percentage,Caravan & Camping Parks , Pitch Occupancy,Weekend,All,All,False,False
2011,42.93,Percentage,Caravan & Camping Parks , Pitch Occupancy,Weekend,All,All,False,False
2012,52.29,Percentage,Hotels , Bed Occupancy,Weekend,All,All,False,False
2015,32.08,Percentage,Caravan & Camping Parks , Pitch Occupancy,Weekday,All,All,False,False
2012,35.91,Percentage,Guest House/B&B , Bed Occupancy,Weekday,All,All,False,False
2012,57.81,Percentage,Hostels , Bed Occupancy,Weekend,All,All,False,False
2016,45.76,Percentage,Guest House/B&B , Room Occupancy,Weekend,All,All,False,False
2012,48.56,Percentage,Caravan & Camping Parks , Pitch Occupancy,Weekend,All,All,False,False
2016,68.51,Percentage,Hotels , Room Occupancy,Weekend,All,All,False,False
2017,71.03,Percentage,Hotels , Room Occupancy,Weekend,All,All,False,False
2014,48.86,Percentage,Guest House/B&B , Room Occupancy,Weekend,All,All,False,False
2016,41.36,Percentage,Guest House/B&B , Room Occupancy,Weekday,All,All,False,False
2011,66.94,Percentage,Hotels , Room Occupancy,Weekday,All,All,False,False
2014,36.43,Percentage,Guest House/B&B , Bed Occupancy,Weekday,All,All,False,False
2011,33.02,Percentage,Caravan & Camping Parks , Pitch Occupancy,Weekday,All,All,False,False
2016,33.42,Percentage,Caravan & Camping Parks , Pitch Occupancy,Weekday,All,All,False,False
2016,34.09,Percentage,Guest House/B&B , Bed Occupancy,Weekday,All,All,False,False
2013,38.23,Percentage,Guest House/B&B , Bed Occupancy,Weekday,All,All,False,False
2017,50.44,Percentage,Guest House/B&B , Room Occupancy,Weekday,All,All,False,False
2019,30.3,Percentage,Caravan & Camping Parks , Pitch Occupancy,Weekday,All,All,False,False
2015,37.82,Percentage,Guest House/B&B , Bed Occupancy,Weekday,All,All,False,False
2018,49.92,Percentage,Guest House/B&B , Room Occupancy,Weekday,All,All,False,False
2011,30.01,Percentage,Guest House/B&B , Bed Occupancy,All,Rooms: 01-03,All,False,False
2011,52.1,Percentage,Hostels , Bed Occupancy,All,All,Large Urban Areas,True,True
2013,44.96,Percentage,Hostels , Bed Occupancy,All,All,All,False,False
2019,64.7,Percentage,Hostels , Bed Occupancy,All,All,Large Urban Areas,True,True
2013,38.57,Percentage,Guest House/B&B , Bed Occupancy,All,All,All,False,False
2018,43.25,Percentage,Guest House/B&B , Bed Occupancy,All,All,All,False,False
2014,62.95,Percentage,Hostels , Bed Occupancy,All,All,Large Urban Areas,True,True
2013,55.55,Percentage,Hostels , Bed Occupancy,All,All,Large Urban Areas,True,True
2017,39.6,Percentage,Guest House/B&B , Bed Occupancy,All,All,Remote Small Towns,False,False
2015,62.47,Percentage,Hostels , Bed Occupancy,All,All,Large Urban Areas,True,True
2015,53.17,Percentage,Hostels , Bed Occupancy,All,All,All,False,False
2019,60.19,Percentage,Hostels , Bed Occupancy,All,All,All,False,False
2011,36.48,Percentage,Guest House/B&B , Bed Occupancy,All,All,All,False,False
2014,38.15,Percentage,Guest House/B&B , Bed Occupancy,All,All,All,False,False
2014,35.24,Percentage,Guest House/B&B , Bed Occupancy,All,All,Remote Small Towns,False,False
2012,35.49,Percentage,Hostels , Bed Occupancy,All,All,Other Urban Areas,True,True
2011,39.26,Percentage,Hostels , Bed Occupancy,All,All,All,False,False
2016,31.17,Percentage,Guest House/B&B , Bed Occupancy,All,Rooms: 01-03,All,False,False
2016,58.03,Percentage,Hostels , Bed Occupancy,All,All,All,False,False
2016,65.52,Percentage,Hostels , Bed Occupancy,All,All,Large Urban Areas,True,True
2019,42.21,Percentage,Guest House/B&B , Bed Occupancy,All,All,All,False,False
2012,36.28,Percentage,Guest House/B&B , Bed Occupancy,All,All,All,False,False
2012,52.36,Percentage,Hostels , Bed Occupancy,All,All,Large Urban Areas,True,True
2012,38.69,Percentage,Guest House/B&B , Bed Occupancy,All,All,Remote Rural,False,False
2016,36.83,Percentage,Guest House/B&B , Bed Occupancy,All,All,Other Urban Areas,True,True
2017,53.8,Percentage,Guest House/B&B , Bed Occupancy,All,All,Other Urban Areas,True,True
2019,30.1,Percentage,Guest House/B&B , Bed Occupancy,All,All,Remote Rural,False,False
2014,45.23,Percentage,Guest House/B&B , Bed Occupancy,All,All,Other Urban Areas,True,True
2013,43.97,Percentage,Guest House/B&B , Bed Occupancy,All,Rooms: 11-25,All,False,False
2011,41.65,Percentage,Guest House/B&B , Bed Occupancy,All,Rooms: 04-10,All,False,False
2014,40.11,Percentage,Guest House/B&B , Bed Occupancy,All,All,Remote Rural,False,False
2016,34.72,Percentage,Guest House/B&B , Bed Occupancy,All,All,Remote Rural,False,False
2018,55.1,Percentage,Guest House/B&B , Bed Occupancy,All,All,Large Urban Areas,True,True
2011,49.96,Percentage,Guest House/B&B , Bed Occupancy,All,Rooms: 11-25,All,False,False
2014,31.12,Percentage,Guest House/B&B , Bed Occupancy,All,Rooms: 01-03,All,False,False
2016,44.84,Percentage,Guest House/B&B , Bed Occupancy,All,All,Remote Small Towns,False,False
2019,26.65,Percentage,Guest House/B&B , Bed Occupancy,All,Rooms: 01-03,All,False,False
2017,59.7,Percentage,Hostels , Bed Occupancy,All,All,Large Urban Areas,True,True
2015,34.79,Percentage,Guest House/B&B , Bed Occupancy,All,All,Remote Small Towns,False,False
2017,35.64,Percentage,Guest House/B&B , Bed Occupancy,All,Rooms: 01-03,All,False,False
2013,33.56,Percentage,Guest House/B&B , Bed Occupancy,All,Rooms: 01-03,All,False,False
2018,34.64,Percentage,Guest House/B&B , Bed Occupancy,All,All,Remote Small Towns,False,False
2019,51.71,Percentage,Guest House/B&B , Bed Occupancy,All,All,Other Urban Areas,True,True
2011,39.23,Percentage,Guest House/B&B , Bed Occupancy,All,All,Remote Small Towns,False,False
2011,44.33,Percentage,Guest House/B&B , Bed Occupancy,All,All,Accessible Rural,True,False
2018,59.31,Percentage,Hostels , Bed Occupancy,All,All,Remote Rural,False,False
2012,58.59,Percentage,Hotels , Room Occupancy,All,All,Remote Rural,False,False
2016,64.46,Percentage,Hotels , Room Occupancy,All,All,Accessible Rural,True,False
2015,44.95,Percentage,Hostels , Bed Occupancy,All,All,Remote Small Towns,False,False
2019,58.66,Percentage,Hotels , Room Occupancy,All,All,Remote Rural,False,False
2018,77.98,Percentage,Hotels , Room Occupancy,All,All,Accessible Small Towns,True,False
2013,78.38,Percentage,Hotels , Room Occupancy,All,All,Large Urban Areas,True,True
2018,74.88,Percentage,Hotels , Room Occupancy,All,All,Large Urban Areas,True,True
2017,54.13,Percentage,Hostels , Bed Occupancy,All,All,Remote Rural,False,False
2011,59.58,Percentage,Hotels , Room Occupancy,All,All,Accessible Rural,True,False
2014,69.68,Percentage,Hotels , Room Occupancy,All,All,All,False,False
2012,34.77,Percentage,Guest House/B&B , Bed Occupancy,All,All,Large Urban Areas,True,True
2014,43.73,Percentage,Guest House/B&B , Bed Occupancy,All,Rooms: 04-10,All,False,False
2019,44.09,Percentage,Guest House/B&B , Bed Occupancy,All,All,Remote Small Towns,False,False
2017,39.28,Percentage,Guest House/B&B , Bed Occupancy,All,All,Remote Rural,False,False
2018,44.47,Percentage,Guest House/B&B , Bed Occupancy,All,Rooms: 04-10,All,False,False
2019,44.83,Percentage,Guest House/B&B , Bed Occupancy,All,Rooms: 04-10,All,False,False
2019,44.34,Percentage,Hostels , Bed Occupancy,All,All,Remote Small Towns,False,False
2014,80.51,Percentage,Hotels , Room Occupancy,All,All,Large Urban Areas,True,True
2017,75.04,Percentage,Hotels , Room Occupancy,All,All,Accessible Small Towns,True,False
2011,34.81,Percentage,Guest House/B&B , Bed Occupancy,All,All,Large Urban Areas,True,True
2012,58.43,Percentage,Hotels , Room Occupancy,All,All,Accessible Rural,True,False
2019,63.94,Percentage,Hostels , Bed Occupancy,All,All,Accessible Rural,True,False
2012,74.99,Percentage,Hotels , Room Occupancy,All,All,Large Urban Areas,True,True
2017,61.5,Percentage,Hotels , Room Occupancy,All,All,Remote Rural,False,False
2018,55.76,Percentage,Hostels , Bed Occupancy,All,All,Accessible Rural,True,False
2013,61.65,Percentage,Hotels , Room Occupancy,All,All,Remote Rural,False,False
2013,60.21,Percentage,Hotels , Room Occupancy,All,All,Accessible Small Towns,True,False
2012,40.13,Percentage,Hostels , Bed Occupancy,All,All,All,False,False
2019,51.15,Percentage,Hostels , Bed Occupancy,All,All,Accessible Small Towns,True,False
2015,32.49,Percentage,Guest House/B&B , Bed Occupancy,All,Rooms: 01-03,All,False,False
2016,45.4,Percentage,Hostels , Bed Occupancy,All,All,Remote Small Towns,False,False
2019,65.67,Percentage,Hotels , Room Occupancy,All,All,Accessible Rural,True,False
2018,60.77,Percentage,Hotels , Room Occupancy,All,All,Remote Rural,False,False
2014,37.05,Percentage,Guest House/B&B , Bed Occupancy,All,Rooms: 11-25,All,False,False
2016,65.78,Percentage,Hotels , Room Occupancy,All,All,Remote Small Towns,False,False
2011,36.27,Percentage,Hostels , Bed Occupancy,All,All,Remote Rural,False,False
2018,60.77,Percentage,Hotels , Room Occupancy,All,All,Remote Small Towns,False,False
2014,60.58,Percentage,Hotels , Room Occupancy,All,All,Remote Rural,False,False
2013,40.99,Percentage,Guest House/B&B , Bed Occupancy,All,All,Remote Rural,False,False
2015,41.94,Percentage,Guest House/B&B , Bed Occupancy,All,All,Remote Rural,False,False
2014,47.12,Percentage,Guest House/B&B , Bed Occupancy,All,All,Accessible Rural,True,False
2014,37.17,Percentage,Hostels , Bed Occupancy,All,All,Remote Small Towns,False,False
2015,43.87,Percentage,Guest House/B&B , Bed Occupancy,All,All,Accessible Rural,True,False
2013,59.98,Percentage,Hotels , Room Occupancy,All,Rooms: 11-25,All,False,False
2012,56.89,Percentage,Hotels , Room Occupancy,All,Rooms: 11-25,All,False,False
2019,57.36,Percentage,Hotels , Room Occupancy,All,Rooms: 11-25,All,False,False
2011,36.7,Percentage,Hostels , Bed Occupancy,All,All,Other Urban Areas,True,True
2014,25.87,Percentage,Hotels , Room Occupancy,All,Rooms: 01-03,All,False,False
2014,62.63,Percentage,Hotels , Room Occupancy,All,Rooms: 11-25,All,False,False
2018,76.36,Percentage,Hotels , Room Occupancy,All,Rooms: 51-100,All,False,False
2014,50.35,Percentage,Hostels , Bed Occupancy,All,All,All,False,False
2015,40.48,Percentage,Caravan & Camping Parks , Pitch Occupancy,All,All,All,False,False
2014,73.35,Percentage,Hotels , Room Occupancy,All,Rooms: 51-100,All,False,False
2013,37.48,Percentage,Hostels , Bed Occupancy,All,All,Accessible Small Towns,True,False
2016,30.46,Percentage,Hotels , Room Occupancy,All,Rooms: 01-03,All,False,False
2014,41.4,Percentage,Hostels , Bed Occupancy,All,All,Other Urban Areas,True,True
2017,0.0,Percentage,Hotels , Room Occupancy,All,Rooms: 01-03,All,False,False
2014,46.44,Percentage,Hostels , Bed Occupancy,All,All,Accessible Small Towns,True,False
2011,64.92,Percentage,Hotels , Room Occupancy,All,All,Other Urban Areas,True,True
2017,53.2,Percentage,Hostels , Bed Occupancy,All,All,Other Urban Areas,True,True
2017,74.79,Percentage,Hotels , Room Occupancy,All,All,Other Urban Areas,True,True
2016,55.07,Percentage,Hostels , Bed Occupancy,All,All,Other Urban Areas,True,True
2019,3.81,Percentage,Hotels , Room Occupancy,All,Rooms: 01-03,All,False,False
2012,21.67,Percentage,Hotels , Room Occupancy,All,Rooms: 01-03,All,False,False
2011,23.39,Percentage,Hotels , Room Occupancy,All,Rooms: 01-03,All,False,False
2015,59.35,Percentage,Hotels , Room Occupancy,All,Rooms: 04-10,All,False,False
2018,53.13,Percentage,Hotels , Room Occupancy,All,Rooms: 04-10,All,False,False
2016,60.59,Percentage,Hotels , Room Occupancy,All,Rooms: 04-10,All,False,False
2019,52.68,Percentage,Hotels , Room Occupancy,All,Rooms: 04-10,All,False,False
2018,59.64,Percentage,Hotels , Room Occupancy,All,Rooms: 11-25,All,False,False
2011,49.88,Percentage,Hotels , Room Occupancy,All,Rooms: 04-10,All,False,False
2013,41.08,Percentage,Hostels , Bed Occupancy,All,All,Other Urban Areas,True,True
2016,64.42,Percentage,Hotels , Room Occupancy,All,Rooms: 11-25,All,False,False
2011,56.34,Percentage,Hotels , Room Occupancy,All,Rooms: 11-25,All,False,False
2013,73.83,Percentage,Hotels , Room Occupancy,All,Rooms: 51-100,All,False,False
2017,73.55,Percentage,Hotels , Room Occupancy,All,Rooms: 26-50,All,False,False
2018,69.75,Percentage,Hotels , Room Occupancy,All,All,Other Urban Areas,True,True
2012,35.7,Percentage,Hostels , Bed Occupancy,All,All,Remote Rural,False,False
2016,46.02,Percentage,Caravan & Camping Parks , Pitch Occupancy,All,All,Other Urban Areas,True,True
2014,44.23,Percentage,Caravan & Camping Parks , Pitch Occupancy,All,All,Remote Small Towns,False,False
2019,55.05,Percentage,Caravan & Camping Parks , Pitch Occupancy,All,All,Remote Small Towns,False,False
2018,32.57,Percentage,Caravan & Camping Parks , Pitch Occupancy,All,All,Accessible Small Towns,True,False
2013,54.97,Percentage,Hotels , Room Occupancy,All,Rooms: 04-10,All,False,False
2012,48.06,Percentage,Hotels , Room Occupancy,All,Rooms: 04-10,All,False,False
2015,62.42,Percentage,Hotels , Room Occupancy,All,Rooms: 11-25,All,False,False
2019,70.61,Percentage,Hotels , Room Occupancy,All,All,All,False,False
2017,56.02,Percentage,Hostels , Bed Occupancy,All,All,Accessible Small Towns,True,False
2017,37.22,Percentage,Guest House/B&B , Bed Occupancy,All,Rooms: 11-25,All,False,False
2011,49.14,Percentage,Guest House/B&B , Bed Occupancy,All,All,Other Urban Areas,True,True
2015,48.8,Percentage,Guest House/B&B , Bed Occupancy,All,All,Other Urban Areas,True,True
2019,33.17,Percentage,Guest House/B&B , Bed Occupancy,All,All,Accessible Small Towns,True,False
2012,31.85,Percentage,Guest House/B&B , Bed Occupancy,All,Rooms: 01-03,All,False,False
2015,38.2,Percentage,Guest House/B&B , Bed Occupancy,All,All,All,False,False
2013,39.81,Percentage,Guest House/B&B , Bed Occupancy,All,All,Remote Small Towns,False,False
2018,48.34,Percentage,Guest House/B&B , Bed Occupancy,All,All,Other Urban Areas,True,True
2012,32.41,Percentage,Guest House/B&B , Bed Occupancy,All,All,Remote Small Towns,False,False
2018,80.48,Percentage,Guest House/B&B , Bed Occupancy,All,Rooms: 11-25,All,False,False
2016,35.87,Percentage,Guest House/B&B , Bed Occupancy,All,All,All,False,False
2015,33.59,Percentage,Guest House/B&B , Bed Occupancy,All,Rooms: 11-25,All,False,False
2016,31.78,Percentage,Guest House/B&B , Bed Occupancy,All,Rooms: 11-25,All,False,False
2016,37.44,Percentage,Guest House/B&B , Bed Occupancy,All,All,Accessible Small Towns,True,False
2018,43.97,Percentage,Guest House/B&B , Bed Occupancy,All,All,Remote Rural,False,False
2012,40.01,Percentage,Guest House/B&B , Bed Occupancy,All,Rooms: 11-25,All,False,False
2019,80.83,Percentage,Guest House/B&B , Bed Occupancy,All,Rooms: 11-25,All,False,False
2017,43.72,Percentage,Guest House/B&B , Bed Occupancy,All,All,Accessible Small Towns,True,False
2014,42.15,Percentage,Hostels , Bed Occupancy,All,All,Remote Rural,False,False
2017,43.41,Percentage,Guest House/B&B , Bed Occupancy,All,All,All,False,False
2018,40.73,Percentage,Guest House/B&B , Bed Occupancy,All,All,Accessible Small Towns,True,False
2013,44.0,Percentage,Guest House/B&B , Bed Occupancy,All,All,Other Urban Areas,True,True
2016,50.53,Percentage,Hostels , Bed Occupancy,All,All,Remote Rural,False,False
2014,53.95,Percentage,Hotels , Room Occupancy,All,Rooms: 04-10,All,False,False
2017,79.6,Percentage,Hotels , Room Occupancy,All,Rooms: 51-100,All,False,False
2019,74.35,Percentage,Hotels , Room Occupancy,All,Rooms: 51-100,All,False,False
2017,54.83,Percentage,Hotels , Room Occupancy,All,Rooms: 04-10,All,False,False
2016,76.01,Percentage,Hotels , Room Occupancy,All,Rooms: 51-100,All,False,False
2015,47.47,Percentage,Hostels , Bed Occupancy,All,All,Other Urban Areas,True,True
2016,71.24,Percentage,Hotels , Room Occupancy,All,All,All,False,False
2018,69.91,Percentage,Hotels , Room Occupancy,All,All,All,False,False
2012,70.24,Percentage,Hotels , Room Occupancy,All,Rooms: 51-100,All,False,False
2019,53.62,Percentage,Hostels , Bed Occupancy,All,All,Other Urban Areas,True,True
2018,0.0,Percentage,Hotels , Room Occupancy,All,Rooms: 01-03,All,False,False
2011,70.53,Percentage,Hotels , Room Occupancy,All,Rooms: 51-100,All,False,False
2018,55.46,Percentage,Hostels , Bed Occupancy,All,All,Other Urban Areas,True,True
2015,44.28,Percentage,Hostels , Bed Occupancy,All,All,Remote Rural,False,False
2012,45.26,Percentage,Guest House/B&B , Bed Occupancy,All,All,Other Urban Areas,True,True
2016,53.12,Percentage,Hostels , Bed Occupancy,All,All,Accessible Small Towns,True,False
2015,73.47,Percentage,Hotels , Room Occupancy,All,Rooms: 51-100,All,False,False
2013,35.69,Percentage,Hostels , Bed Occupancy,All,All,Remote Rural,False,False
2011,38.62,Percentage,Hostels , Bed Occupancy,All,All,Accessible Small Towns,True,False
2015,24.37,Percentage,Hotels , Room Occupancy,All,Rooms: 01-03,All,False,False
2017,56.37,Percentage,Hostels , Bed Occupancy,All,All,All,False,False
